GameID,Date,PlayerID,AccelImpulse,AccelLoad,Speed,PerformanceScore,Outcome,PointsDiff
1,2017-11-30,2,0.5243667223865245,0.2643776911970425,0.7541932967263778,51.4312570103315,W,19
2,2017-11-30,2,0.5243667223865245,0.2643776911970425,0.7541932967263778,51.4312570103315,W,31
3,2017-11-30,2,0.5243667223865245,0.2643776911970425,0.7541932967263778,51.4312570103315,W,17
1,2017-11-30,3,0.4525202520252025,0.3335179398724493,0.7532556185675279,51.30979368217265,W,19
2,2017-11-30,3,0.4525202520252025,0.3335179398724493,0.7532556185675279,51.30979368217265,W,31
3,2017-11-30,3,0.4525202520252025,0.3335179398724493,0.7532556185675279,51.30979368217265,W,17
1,2017-11-30,4,0.41558441558441556,0.3183757016638828,0.6856002640501695,47.31867937661559,W,19
2,2017-11-30,4,0.41558441558441556,0.3183757016638828,0.6856002640501695,47.31867937661559,W,31
3,2017-11-30,4,0.41558441558441556,0.3183757016638828,0.6856002640501695,47.31867937661559,W,17
1,2017-11-30,6,0.5823582358235824,0.28572367551176675,0.6599453896240284,50.934243365312575,W,19
2,2017-11-30,6,0.5823582358235824,0.28572367551176675,0.6599453896240284,50.934243365312575,W,31
3,2017-11-30,6,0.5823582358235824,0.28572367551176675,0.6599453896240284,50.934243365312575,W,17
1,2017-11-30,7,0.6732673267326733,0.18991946429715312,0.549411888258769,47.08662264295318,W,19
2,2017-11-30,7,0.6732673267326733,0.18991946429715312,0.549411888258769,47.08662264295318,W,31
3,2017-11-30,7,0.6732673267326733,0.18991946429715312,0.549411888258769,47.08662264295318,W,17
1,2017-11-30,8,0.4995499549954996,0.34451815126082497,0.7595743191206326,53.454747512565234,W,19
2,2017-11-30,8,0.4995499549954996,0.34451815126082497,0.7595743191206326,53.454747512565234,W,31
3,2017-11-30,8,0.4995499549954996,0.34451815126082497,0.7595743191206326,53.454747512565234,W,17
1,2017-11-30,9,0.650990099009901,0.2167358335935129,0.5832283133795421,48.3651415327652,W,19
2,2017-11-30,9,0.650990099009901,0.2167358335935129,0.5832283133795421,48.3651415327652,W,31
3,2017-11-30,9,0.650990099009901,0.2167358335935129,0.5832283133795421,48.3651415327652,W,17
1,2017-11-30,10,0.13231323132313233,0.5003141981510864,0.8457606945319609,49.27960413353932,W,19
2,2017-11-30,10,0.13231323132313233,0.5003141981510864,0.8457606945319609,49.27960413353932,W,31
3,2017-11-30,10,0.13231323132313233,0.5003141981510864,0.8457606945319609,49.27960413353932,W,17
1,2017-11-30,11,0.45184518451845185,0.2513607589577305,0.6441223832528179,44.91094422430001,W,19
2,2017-11-30,11,0.45184518451845185,0.2513607589577305,0.6441223832528179,44.91094422430001,W,31
3,2017-11-30,11,0.45184518451845185,0.2513607589577305,0.6441223832528179,44.91094422430001,W,17
1,2017-11-30,12,0.47499035617847507,0.4244567536650382,0.5863414048669244,49.52628382368126,W,19
2,2017-11-30,12,0.47499035617847507,0.4244567536650382,0.5863414048669244,49.52628382368126,W,31
3,2017-11-30,12,0.47499035617847507,0.4244567536650382,0.5863414048669244,49.52628382368126,W,17
1,2017-11-30,13,0.5688568856885688,0.3891532010326677,0.7611146117762373,57.30415661658247,W,19
2,2017-11-30,13,0.5688568856885688,0.3891532010326677,0.7611146117762373,57.30415661658247,W,31
3,2017-11-30,13,0.5688568856885688,0.3891532010326677,0.7611146117762373,57.30415661658247,W,17
1,2017-11-30,17,0.3564356435643564,0.18620582816972478,0.48421200028005296,34.2284490671378,W,19
2,2017-11-30,17,0.3564356435643564,0.18620582816972478,0.48421200028005296,34.2284490671378,W,31
3,2017-11-30,17,0.3564356435643564,0.18620582816972478,0.48421200028005296,34.2284490671378,W,17
4,2017-12-01,2,0.585058505850585,0.15130651013722526,0.3275922425260799,35.465241950463,W,5
5,2017-12-01,2,0.585058505850585,0.15130651013722526,0.3275922425260799,35.465241950463,L,-18
6,2017-12-01,2,0.585058505850585,0.15130651013722526,0.3275922425260799,35.465241950463,L,-5
4,2017-12-01,3,0.5400540054005402,0.26947975836547783,0.6737380102219419,49.442392466265325,W,5
5,2017-12-01,3,0.5400540054005402,0.26947975836547783,0.6737380102219419,49.442392466265325,L,-18
6,2017-12-01,3,0.5400540054005402,0.26947975836547783,0.6737380102219419,49.442392466265325,L,-5
4,2017-12-01,4,0.5015301530153016,0.12999681248401912,0.44927536231884047,36.026744260605376,W,5
5,2017-12-01,4,0.5015301530153016,0.12999681248401912,0.44927536231884047,36.026744260605376,L,-18
6,2017-12-01,4,0.5015301530153016,0.12999681248401912,0.44927536231884047,36.026744260605376,L,-5
4,2017-12-01,6,0.5868586858685869,0.24923477702049862,0.48277672757823975,43.96233968224417,W,5
5,2017-12-01,6,0.5868586858685869,0.24923477702049862,0.48277672757823975,43.96233968224417,L,-18
6,2017-12-01,6,0.5868586858685869,0.24923477702049862,0.48277672757823975,43.96233968224417,L,-5
4,2017-12-01,7,0.5630963096309631,0.1662987621383076,0.7756773787019531,50.16908168237413,W,5
5,2017-12-01,7,0.5630963096309631,0.1662987621383076,0.7756773787019531,50.16908168237413,L,-18
6,2017-12-01,7,0.5630963096309631,0.1662987621383076,0.7756773787019531,50.16908168237413,L,-5
4,2017-12-01,8,0.4302430243024302,0.22117009539134586,0.6420919974795208,43.116837239109906,W,5
5,2017-12-01,8,0.4302430243024302,0.22117009539134586,0.6420919974795208,43.116837239109906,L,-18
6,2017-12-01,8,0.4302430243024302,0.22117009539134586,0.6420919974795208,43.116837239109906,L,-5
4,2017-12-01,9,0.2875144657322875,0.19189971227819055,0.6970024304617876,39.21388694907552,W,5
5,2017-12-01,9,0.2875144657322875,0.19189971227819055,0.6970024304617876,39.21388694907552,L,-18
6,2017-12-01,9,0.2875144657322875,0.19189971227819055,0.6970024304617876,39.21388694907552,L,-5
4,2017-12-01,10,0.21332133213321333,0.4339590278450052,0.9858573128894486,54.437922428922235,W,5
5,2017-12-01,10,0.21332133213321333,0.4339590278450052,0.9858573128894486,54.437922428922235,L,-18
6,2017-12-01,10,0.21332133213321333,0.4339590278450052,0.9858573128894486,54.437922428922235,L,-5
4,2017-12-01,11,0.5632313231323133,0.3399074066993774,0.5197437513127493,47.42941603814799,W,5
5,2017-12-01,11,0.5632313231323133,0.3399074066993774,0.5197437513127493,47.42941603814799,L,-18
6,2017-12-01,11,0.5632313231323133,0.3399074066993774,0.5197437513127493,47.42941603814799,L,-5
4,2017-12-01,12,0.4688183104024688,0.6533705204512699,0.7000630119722747,60.741728094200454,W,5
5,2017-12-01,12,0.4688183104024688,0.6533705204512699,0.7000630119722747,60.741728094200454,L,-18
6,2017-12-01,12,0.4688183104024688,0.6533705204512699,0.7000630119722747,60.741728094200454,L,-5
4,2017-12-01,13,0.3249324932493249,0.3103527212665481,0.69852271931667,44.46026446108477,W,5
5,2017-12-01,13,0.3249324932493249,0.3103527212665481,0.69852271931667,44.46026446108477,L,-18
6,2017-12-01,13,0.3249324932493249,0.3103527212665481,0.69852271931667,44.46026446108477,L,-5
4,2017-12-01,14,0.2884788478847885,0.1502854705429446,0.5085066162570887,31.575697822827394,W,5
5,2017-12-01,14,0.2884788478847885,0.1502854705429446,0.5085066162570887,31.575697822827394,L,-18
6,2017-12-01,14,0.2884788478847885,0.1502854705429446,0.5085066162570887,31.575697822827394,L,-5
4,2017-12-01,15,0.47074707470747074,0.08649825907684056,0.2667506826296995,27.466533880467026,W,5
5,2017-12-01,15,0.47074707470747074,0.08649825907684056,0.2667506826296995,27.466533880467026,L,-18
6,2017-12-01,15,0.47074707470747074,0.08649825907684056,0.2667506826296995,27.466533880467026,L,-5
4,2017-12-01,16,0.6894689468946894,0.3499875367862868,0.7145557655954631,58.4670749758813,W,5
5,2017-12-01,16,0.6894689468946894,0.3499875367862868,0.7145557655954631,58.4670749758813,L,-18
6,2017-12-01,16,0.6894689468946894,0.3499875367862868,0.7145557655954631,58.4670749758813,L,-5
4,2017-12-01,17,0.3027902790279028,0.09700059623116117,0.20142827137156044,20.040638221020817,W,5
5,2017-12-01,17,0.3027902790279028,0.09700059623116117,0.20142827137156044,20.040638221020817,L,-18
6,2017-12-01,17,0.3027902790279028,0.09700059623116117,0.20142827137156044,20.040638221020817,L,-5
7,2018-01-26,2,0.10775363250610777,0.5732421797435516,0.751912863444054,47.76362252312378,W,12
8,2018-01-26,2,0.10775363250610777,0.5732421797435516,0.751912863444054,47.76362252312378,W,12
9,2018-01-26,2,0.10775363250610777,0.5732421797435516,0.751912863444054,47.76362252312378,W,14
7,2018-01-26,3,0.48897389738973907,0.25800811791801204,0.8007771476580547,51.5919720988602,W,12
8,2018-01-26,3,0.48897389738973907,0.25800811791801204,0.8007771476580547,51.5919720988602,W,12
9,2018-01-26,3,0.48897389738973907,0.25800811791801204,0.8007771476580547,51.5919720988602,W,14
7,2018-01-26,4,0.5497299729972998,0.18932012818759558,0.5210565007351395,42.00355339733449,W,12
8,2018-01-26,4,0.5497299729972998,0.18932012818759558,0.5210565007351395,42.00355339733449,W,12
9,2018-01-26,4,0.5497299729972998,0.18932012818759558,0.5210565007351395,42.00355339733449,W,14
7,2018-01-26,7,0.5197376880545197,0.2468459324400467,0.8813574579170043,54.93136928038569,W,12
8,2018-01-26,7,0.5197376880545197,0.2468459324400467,0.8813574579170043,54.93136928038569,W,12
9,2018-01-26,7,0.5197376880545197,0.2468459324400467,0.8813574579170043,54.93136928038569,W,14
7,2018-01-26,8,0.37546611804037544,0.42228410233670344,0.809163741110811,53.563798716262994,W,12
8,2018-01-26,8,0.37546611804037544,0.42228410233670344,0.809163741110811,53.563798716262994,W,12
9,2018-01-26,8,0.37546611804037544,0.42228410233670344,0.809163741110811,53.563798716262994,W,14
7,2018-01-26,9,0.5197376880545197,0.17994321308342573,0.41326852101899336,37.09831407189795,W,12
8,2018-01-26,9,0.5197376880545197,0.17994321308342573,0.41326852101899336,37.09831407189795,W,12
9,2018-01-26,9,0.5197376880545197,0.17994321308342573,0.41326852101899336,37.09831407189795,W,14
7,2018-01-26,10,0.4824482448244824,0.5757889574323327,0.861513687600644,63.99169632858197,W,12
8,2018-01-26,10,0.4824482448244824,0.5757889574323327,0.861513687600644,63.99169632858197,W,12
9,2018-01-26,10,0.4824482448244824,0.5757889574323327,0.861513687600644,63.99169632858197,W,14
7,2018-01-26,11,0.46341777034846354,0.2076965498071382,0.46961922765325403,38.02445159362853,W,12
8,2018-01-26,11,0.46341777034846354,0.2076965498071382,0.46961922765325403,38.02445159362853,W,12
9,2018-01-26,11,0.46341777034846354,0.2076965498071382,0.46961922765325403,38.02445159362853,W,14
7,2018-01-26,12,0.4329432943294329,0.30506828548209663,0.4885528250367569,40.88548016160955,W,12
8,2018-01-26,12,0.4329432943294329,0.30506828548209663,0.4885528250367569,40.88548016160955,W,12
9,2018-01-26,12,0.4329432943294329,0.30506828548209663,0.4885528250367569,40.88548016160955,W,14
7,2018-01-26,13,0.3854956924263856,0.28508528465333294,0.6020043808323582,42.41951193040256,W,12
8,2018-01-26,13,0.3854956924263856,0.28508528465333294,0.6020043808323582,42.41951193040256,W,12
9,2018-01-26,13,0.3854956924263856,0.28508528465333294,0.6020043808323582,42.41951193040256,W,14
7,2018-01-26,14,0.25922592259225924,0.14676837982582863,0.4102779528110341,27.209075174304065,W,12
8,2018-01-26,14,0.25922592259225924,0.14676837982582863,0.4102779528110341,27.209075174304065,W,12
9,2018-01-26,14,0.25922592259225924,0.14676837982582863,0.4102779528110341,27.209075174304065,W,14
10,2018-01-27,1,0.37353735373537356,0.7049431458057114,0.9445494643982353,67.43433213131067,W,16
11,2018-01-27,1,0.37353735373537356,0.7049431458057114,0.9445494643982353,67.43433213131067,L,-26
10,2018-01-27,2,0.46129612961296124,0.5483114649519696,0.8004620877966813,60.335656078720405,W,16
11,2018-01-27,2,0.46129612961296124,0.5483114649519696,0.8004620877966813,60.335656078720405,L,-26
10,2018-01-27,3,0.5571557155715572,0.19397563886904445,0.5137576139466499,42.16296561290839,W,16
11,2018-01-27,3,0.5571557155715572,0.19397563886904445,0.5137576139466499,42.16296561290839,L,-26
10,2018-01-27,4,0.16156615661566157,0.2756473709391978,0.38993908842680103,27.571753866055346,W,16
11,2018-01-27,4,0.16156615661566157,0.2756473709391978,0.38993908842680103,27.571753866055346,L,-26
10,2018-01-27,5,0.3618361836183619,0.1981460505363988,0.26794090877266674,27.597438097580916,W,16
11,2018-01-27,5,0.3618361836183619,0.1981460505363988,0.26794090877266674,27.597438097580916,L,-26
10,2018-01-27,7,0.6052205220522052,0.17547439667495662,0.5086746481831548,42.97898556367722,W,16
11,2018-01-27,7,0.6052205220522052,0.17547439667495662,0.5086746481831548,42.97898556367722,L,-26
10,2018-01-27,8,0.26012601260126017,0.2738646607228412,0.7283133795421128,42.07680176220714,W,16
11,2018-01-27,8,0.26012601260126017,0.2738646607228412,0.7283133795421128,42.07680176220714,L,-26
10,2018-01-27,9,0.18451845184518453,0.27226121793918073,0.7672757823986556,40.80184840610069,W,16
11,2018-01-27,9,0.18451845184518453,0.27226121793918073,0.7672757823986556,40.80184840610069,L,-26
10,2018-01-27,10,0.14401440144014405,0.39799817199833076,0.7491283343835329,43.03803026073359,W,16
11,2018-01-27,10,0.14401440144014405,0.39799817199833076,0.7491283343835329,43.03803026073359,L,-26
10,2018-01-27,11,0.26552655265526554,0.4803230180021841,0.8398445704683888,52.85647137086128,W,16
11,2018-01-27,11,0.26552655265526554,0.4803230180021841,0.8398445704683888,52.85647137086128,L,-26
10,2018-01-27,12,0.17371737173717372,0.4079032217353124,0.4659735349716445,34.91980428147102,W,16
11,2018-01-27,12,0.17371737173717372,0.4079032217353124,0.4659735349716445,34.91980428147102,L,-26
10,2018-01-27,13,0.38298829882988294,0.22562798535053624,0.6184625078764964,40.90262640189719,W,16
11,2018-01-27,13,0.38298829882988294,0.22562798535053624,0.6184625078764964,40.90262640189719,L,-26
10,2018-01-27,14,0.0,0.3535054735863843,0.5895820205839107,31.4362498056765,W,16
11,2018-01-27,14,0.0,0.3535054735863843,0.5895820205839107,31.4362498056765,L,-26
10,2018-01-27,16,0.14401440144014405,0.24556913825923993,0.3385843310228942,24.27226235740927,W,16
11,2018-01-27,16,0.14401440144014405,0.24556913825923993,0.3385843310228942,24.27226235740927,L,-26
12,2018-01-28,1,0.43744374437443745,0.3667204813567073,0.6615556955821605,48.857330710443506,W,28
12,2018-01-28,2,0.4086408640864087,0.3236023516886596,0.5726388013722605,43.49606723824429,W,28
12,2018-01-28,3,0.14671467146714673,0.8922998017713024,1.0,67.96714910794832,W,28
12,2018-01-28,4,0.3195319531953195,0.33898253208574325,0.6977525729888677,45.20890194233102,W,28
12,2018-01-28,5,0.6057605760576058,0.5536191981005483,0.41965973534971635,52.63465031692902,W,28
12,2018-01-28,7,0.2790279027902791,0.23417328903665552,0.8657844990548202,45.9661896960585,W,28
12,2018-01-28,8,0.29792979297929795,0.181746996637322,0.705944129384583,39.52069730004009,W,28
12,2018-01-28,10,0.9162916291629163,0.31443925615568297,0.9680739340474689,73.29349397886894,W,28
12,2018-01-28,11,0.35463546354635467,0.11168728008652079,0.7340894770006299,40.01374068778351,W,28
12,2018-01-28,12,0.819081908190819,0.16336858294618273,0.43184204998949793,47.143084704216655,W,28
12,2018-01-28,13,0.3573357335733573,0.19138764827481744,0.3089687040537702,28.589736196731497,W,28
12,2018-01-28,16,0.40864086408640865,0.10236014147529701,0.3293425750892668,28.01145268836575,W,28
13,2018-04-13,1,0.48532853285328537,0.2977805340871511,0.7402226423020373,50.7777236414158,W,29
14,2018-04-13,1,0.48532853285328537,0.2977805340871511,0.7402226423020373,50.7777236414158,W,12
13,2018-04-13,2,0.6333033303330334,0.16936042834605344,0.4425540852762023,41.507261465176306,W,29
14,2018-04-13,2,0.6333033303330334,0.16936042834605344,0.4425540852762023,41.507261465176306,W,12
13,2018-04-13,3,0.5315031503150316,0.37081865399460073,0.9374081075404324,61.32433039500216,W,29
14,2018-04-13,3,0.5315031503150316,0.37081865399460073,0.9374081075404324,61.32433039500216,W,12
13,2018-04-13,4,0.32871287128712867,0.29576251072883675,0.8177693761814744,48.074825273247995,W,29
14,2018-04-13,4,0.32871287128712867,0.29576251072883675,0.8177693761814744,48.074825273247995,W,12
13,2018-04-13,5,0.4118811881188119,0.3010852299830448,0.6179794160890567,44.36486113969712,W,29
14,2018-04-13,5,0.4118811881188119,0.3010852299830448,0.6179794160890567,44.36486113969712,W,12
13,2018-04-13,7,0.5733573357335734,0.3886668777623857,0.5843310228943498,51.545174546343624,W,29
14,2018-04-13,7,0.5733573357335734,0.3886668777623857,0.5843310228943498,51.545174546343624,W,12
13,2018-04-13,8,0.16966696669666967,0.26171978206213,0.7010081915563956,37.74649801050651,W,29
14,2018-04-13,8,0.16966696669666967,0.26171978206213,0.7010081915563956,37.74649801050651,W,12
13,2018-04-13,10,0.4936993699369937,0.4691045671262742,0.9173492963663095,62.67177444765258,W,29
14,2018-04-13,10,0.4936993699369937,0.4691045671262742,0.9173492963663095,62.67177444765258,W,12
13,2018-04-13,11,0.5747074707470747,0.20184774093754526,0.7005881117412307,49.23811078086169,W,29
14,2018-04-13,11,0.5747074707470747,0.20184774093754526,0.7005881117412307,49.23811078086169,W,12
13,2018-04-13,12,0.5274527452745275,0.5045745118458729,0.6855702583490862,57.25325051564956,W,29
14,2018-04-13,12,0.5274527452745275,0.5045745118458729,0.6855702583490862,57.25325051564956,W,12
13,2018-04-13,13,0.41269126912691273,0.359189294496803,0.6949170342365047,48.893253262007356,W,29
14,2018-04-13,13,0.41269126912691273,0.359189294496803,0.6949170342365047,48.893253262007356,W,12
13,2018-04-13,16,0.5936093609360936,0.28774573161914935,0.5936777987817685,49.167763044567046,W,29
14,2018-04-13,16,0.5936093609360936,0.28774573161914935,0.5936777987817685,49.167763044567046,W,12
15,2018-04-14,1,0.4761476147614762,0.24418013778720815,0.5830707834488551,43.44661786658465,L,-17
15,2018-04-14,2,0.7920792079207921,0.46114551590817704,0.7061541692921652,65.31262977070448,L,-17
15,2018-04-14,3,0.21242124212421243,0.31105245793495756,0.8021424070573409,44.187203570550366,L,-17
15,2018-04-14,4,0.702970297029703,0.24978432404920897,0.8004620877966813,58.44055696251977,L,-17
15,2018-04-14,5,0.31143114311431147,0.7281469981595279,0.6559546313799619,56.517759088460046,L,-17
15,2018-04-14,8,0.4275427542754276,0.4757832463452813,0.6895610165931525,53.09623390712871,L,-17
15,2018-04-14,10,0.4275427542754276,0.4520783883583584,0.9119932787229572,59.72048071189144,L,-17
15,2018-04-14,11,0.45994599459945995,0.1950254762638008,0.622558286074354,42.58432523125382,L,-17
15,2018-04-14,12,0.23312331233123312,0.27811539796196066,0.5816005040957781,36.42797381296574,L,-17
15,2018-04-14,13,0.2790279027902791,0.29609323598519244,0.5566057550934675,37.7242297956313,L,-17
15,2018-04-14,14,0.03330333033303331,0.19289826428890353,0.7244276412518378,31.68764119579249,L,-17
15,2018-04-14,16,0.12511251125112513,0.1637091746028787,0.351816845200588,21.354617701819723,L,-17
16,2018-04-15,1,0.4777677767776778,0.3665794776544335,0.7724847721066999,53.89440088462704,L,-26
17,2018-04-15,1,0.4777677767776778,0.3665794776544335,0.7724847721066999,53.89440088462704,L,-5
16,2018-04-15,2,0.3208820882088209,0.2426482627140628,0.7009031716026043,42.14778408418294,L,-26
17,2018-04-15,2,0.3208820882088209,0.2426482627140628,0.7009031716026043,42.14778408418294,L,-5
16,2018-04-15,3,0.47884788478847884,0.14386508428485206,0.7254078274872224,44.937359885351775,L,-26
17,2018-04-15,3,0.47884788478847884,0.14386508428485206,0.7254078274872224,44.937359885351775,L,-5
16,2018-04-15,4,0.7259225922592258,0.4737951636903113,0.8184204998949798,67.27127519481722,L,-26
17,2018-04-15,4,0.7259225922592258,0.4737951636903113,0.8184204998949798,67.27127519481722,L,-5
16,2018-04-15,5,0.23852385238523854,0.1429179824592619,0.6176223482461666,33.30213943635557,L,-26
17,2018-04-15,5,0.23852385238523854,0.1429179824592619,0.6176223482461666,33.30213943635557,L,-5
16,2018-04-15,8,0.45589558955895587,0.2560767657652197,0.7960512497374499,50.267453502054174,L,-26
17,2018-04-15,8,0.45589558955895587,0.2560767657652197,0.7960512497374499,50.267453502054174,L,-5
16,2018-04-15,10,0.6111611161116112,0.34311296485994397,0.91052299936988,62.159902678047835,L,-26
17,2018-04-15,10,0.6111611161116112,0.34311296485994397,0.91052299936988,62.159902678047835,L,-5
16,2018-04-15,11,0.44239423942394246,0.5090904638818381,0.8235664776307496,59.16837269788434,L,-26
17,2018-04-15,11,0.44239423942394246,0.5090904638818381,0.8235664776307496,59.16837269788434,L,-5
16,2018-04-15,12,0.7043204320432043,0.1874266529443929,0.5499894980046208,48.05788609974059,L,-26
17,2018-04-15,12,0.7043204320432043,0.1874266529443929,0.5499894980046208,48.05788609974059,L,-5
16,2018-04-15,13,0.2965796579657966,0.23290337834392616,0.47143457256878796,33.36392029595035,L,-26
17,2018-04-15,13,0.2965796579657966,0.23290337834392616,0.47143457256878796,33.36392029595035,L,-5
16,2018-04-15,14,0.5072007200720072,0.19558140732262813,0.6457676958622137,44.951660775228305,L,-26
17,2018-04-15,14,0.5072007200720072,0.19558140732262813,0.6457676958622137,44.951660775228305,L,-5
16,2018-04-15,16,0.5396039603960396,0.3113128706099389,0.6203528670447384,49.04232326835722,L,-26
17,2018-04-15,16,0.5396039603960396,0.3113128706099389,0.6203528670447384,49.04232326835722,L,-5
18,2018-04-21,1,0.48087308730873096,0.45315315112586185,0.8599558916194074,59.79940433513334,W,24
19,2018-04-21,1,0.48087308730873096,0.45315315112586185,0.8599558916194074,59.79940433513334,L,-2
20,2018-04-21,1,0.48087308730873096,0.45315315112586185,0.8599558916194074,59.79940433513334,L,-14
18,2018-04-21,2,0.33071878616433076,0.28028753835491305,0.6992228523419448,43.67430589537295,W,24
19,2018-04-21,2,0.33071878616433076,0.28028753835491305,0.6992228523419448,43.67430589537295,L,-2
20,2018-04-21,2,0.33071878616433076,0.28028753835491305,0.6992228523419448,43.67430589537295,L,-14
18,2018-04-21,4,0.4005400540054006,0.41752010589768906,0.7370300357067843,51.83633985366246,W,24
19,2018-04-21,4,0.4005400540054006,0.41752010589768906,0.7370300357067843,51.83633985366246,L,-2
20,2018-04-21,4,0.4005400540054006,0.41752010589768906,0.7370300357067843,51.83633985366246,L,-14
18,2018-04-21,5,0.2836569371222837,0.5467795450880364,0.8071833648393192,54.58732823498798,W,24
19,2018-04-21,5,0.2836569371222837,0.5467795450880364,0.8071833648393192,54.58732823498798,L,-2
20,2018-04-21,5,0.2836569371222837,0.5467795450880364,0.8071833648393192,54.58732823498798,L,-14
18,2018-04-21,7,0.8123312331233123,0.3415176827268412,0.6988027725267798,61.755056279231106,W,24
19,2018-04-21,7,0.8123312331233123,0.3415176827268412,0.6988027725267798,61.755056279231106,L,-2
20,2018-04-21,7,0.8123312331233123,0.3415176827268412,0.6988027725267798,61.755056279231106,L,-14
18,2018-04-21,8,0.6435643564356436,0.25609787577012677,0.7849891479381081,56.155046004795956,W,24
19,2018-04-21,8,0.6435643564356436,0.25609787577012677,0.7849891479381081,56.155046004795956,L,-2
20,2018-04-21,8,0.6435643564356436,0.25609787577012677,0.7849891479381081,56.155046004795956,L,-14
18,2018-04-21,10,0.7218721872187219,0.507187264994446,0.7710565007351393,66.67053176494356,W,24
19,2018-04-21,10,0.7218721872187219,0.507187264994446,0.7710565007351393,66.67053176494356,L,-2
20,2018-04-21,10,0.7218721872187219,0.507187264994446,0.7710565007351393,66.67053176494356,L,-14
18,2018-04-21,11,0.6717243152886718,0.24710656086030186,0.6337504125783897,51.75270962424545,W,24
19,2018-04-21,11,0.6717243152886718,0.24710656086030186,0.6337504125783897,51.75270962424545,L,-2
20,2018-04-21,11,0.6717243152886718,0.24710656086030186,0.6337504125783897,51.75270962424545,L,-14
18,2018-04-21,12,0.26976983412626976,0.38710019995734524,0.6725777897800581,44.314927462122434,W,24
19,2018-04-21,12,0.26976983412626976,0.38710019995734524,0.6725777897800581,44.314927462122434,L,-2
20,2018-04-21,12,0.26976983412626976,0.38710019995734524,0.6725777897800581,44.314927462122434,L,-14
18,2018-04-21,13,0.15944451588015945,0.3094551519981071,0.4887028535421729,31.92008404734798,W,24
19,2018-04-21,13,0.15944451588015945,0.3094551519981071,0.4887028535421729,31.92008404734798,L,-2
20,2018-04-21,13,0.15944451588015945,0.3094551519981071,0.4887028535421729,31.92008404734798,L,-14
18,2018-04-21,14,0.9351935193519351,0.20388412045494733,0.7599243856332702,63.30006751467176,W,24
19,2018-04-21,14,0.9351935193519351,0.20388412045494733,0.7599243856332702,63.30006751467176,L,-2
20,2018-04-21,14,0.9351935193519351,0.20388412045494733,0.7599243856332702,63.30006751467176,L,-14
18,2018-04-21,15,0.4167416741674167,0.2506395306313448,0.6529090527200166,44.009675250625946,W,24
19,2018-04-21,15,0.4167416741674167,0.2506395306313448,0.6529090527200166,44.009675250625946,L,-2
20,2018-04-21,15,0.4167416741674167,0.2506395306313448,0.6529090527200166,44.009675250625946,L,-14
18,2018-04-21,16,0.15481548154815483,0.31262828354591793,0.5961232634200497,35.45223428380408,W,24
19,2018-04-21,16,0.15481548154815483,0.31262828354591793,0.5961232634200497,35.45223428380408,L,-2
20,2018-04-21,16,0.15481548154815483,0.31262828354591793,0.5961232634200497,35.45223428380408,L,-14
21,2018-04-22,1,0.6516651665166517,0.48079240912779747,0.9575719386683466,69.66765047709319,L,-5
22,2018-04-22,1,0.6516651665166517,0.48079240912779747,0.9575719386683466,69.66765047709319,W,19
21,2018-04-22,2,0.38973897389738976,0.31690735404250503,0.6618357487922705,45.616069224405514,L,-5
22,2018-04-22,2,0.38973897389738976,0.31690735404250503,0.6618357487922705,45.616069224405514,W,19
21,2018-04-22,4,0.5531053105310532,0.21902098960648608,0.4530560806553243,40.839412693095454,L,-5
22,2018-04-22,4,0.5531053105310532,0.21902098960648608,0.4530560806553243,40.839412693095454,W,19
21,2018-04-22,5,0.2876687668766877,0.2546281032461665,0.6226002940558705,38.829905472624155,L,-5
22,2018-04-22,5,0.2876687668766877,0.2546281032461665,0.6226002940558705,38.829905472624155,W,19
21,2018-04-22,7,0.5933393339333934,0.4160667474002193,0.8694391934467547,62.628175826012246,L,-5
22,2018-04-22,7,0.5933393339333934,0.4160667474002193,0.8694391934467547,62.628175826012246,W,19
21,2018-04-22,8,0.28712871287128716,0.20403241164858793,0.8532871245536651,44.81494163578467,L,-5
22,2018-04-22,8,0.28712871287128716,0.20403241164858793,0.8532871245536651,44.81494163578467,W,19
21,2018-04-22,10,0.32583258325832587,0.3639976562442851,0.8479311069103128,51.258711547097455,L,-5
22,2018-04-22,10,0.32583258325832587,0.3639976562442851,0.8479311069103128,51.258711547097455,W,19
21,2018-04-22,11,0.8811881188118812,0.35266469912316806,0.7863894139886578,67.34140773079024,L,-5
22,2018-04-22,11,0.8811881188118812,0.35266469912316806,0.7863894139886578,67.34140773079024,W,19
21,2018-04-22,12,0.44374437443744374,0.1985329262060663,0.428481411468179,35.691957070389634,L,-5
22,2018-04-22,12,0.44374437443744374,0.1985329262060663,0.428481411468179,35.691957070389634,W,19
21,2018-04-22,13,0.6341134113411342,0.4169929455883597,0.7810333963453056,61.07132510915998,L,-5
22,2018-04-22,13,0.6341134113411342,0.4169929455883597,0.7810333963453056,61.07132510915998,W,19
21,2018-04-22,15,0.45184518451845185,0.13507400256372443,0.4629699642932158,34.996305045846405,L,-5
22,2018-04-22,15,0.45184518451845185,0.13507400256372443,0.4629699642932158,34.996305045846405,W,19
21,2018-04-22,16,0.30603060306030605,0.23758314858139123,0.41955471539592515,32.105615567920744,L,-5
22,2018-04-22,16,0.30603060306030605,0.23758314858139123,0.41955471539592515,32.105615567920744,W,19
23,2018-05-12,1,0.383952680982384,0.5143617521194468,0.8465508446604852,58.16217592541054,L,-15
24,2018-05-12,1,0.383952680982384,0.5143617521194468,0.8465508446604852,58.16217592541054,W,14
25,2018-05-12,1,0.383952680982384,0.5143617521194468,0.8465508446604852,58.16217592541054,W,2
23,2018-05-12,2,0.41789893275041795,0.23006129515461587,0.6507936507936505,43.29179595662281,L,-15
24,2018-05-12,2,0.41789893275041795,0.23006129515461587,0.6507936507936505,43.29179595662281,W,14
25,2018-05-12,2,0.41789893275041795,0.23006129515461587,0.6507936507936505,43.29179595662281,W,2
23,2018-05-12,4,0.41789893275041795,0.46851719513676265,0.7295886218381491,53.86682499084432,L,-15
24,2018-05-12,4,0.41789893275041795,0.46851719513676265,0.7295886218381491,53.86682499084432,W,14
25,2018-05-12,4,0.41789893275041795,0.46851719513676265,0.7295886218381491,53.86682499084432,W,2
23,2018-05-12,5,0.36389353221036397,0.5936666775278909,0.8173853032076093,59.164850431528805,L,-15
24,2018-05-12,5,0.36389353221036397,0.5936666775278909,0.8173853032076093,59.164850431528805,W,14
25,2018-05-12,5,0.36389353221036397,0.5936666775278909,0.8173853032076093,59.164850431528805,W,2
23,2018-05-12,7,0.8343834383438344,0.27770767204685526,0.6875306308198557,59.98739137368484,L,-15
24,2018-05-12,7,0.8343834383438344,0.27770767204685526,0.6875306308198557,59.98739137368484,W,14
25,2018-05-12,7,0.8343834383438344,0.27770767204685526,0.6875306308198557,59.98739137368484,W,2
23,2018-05-12,8,0.6516651665166516,0.24961758815464047,0.7564937338094235,55.25921628269052,L,-15
24,2018-05-12,8,0.6516651665166516,0.24961758815464047,0.7564937338094235,55.25921628269052,W,14
25,2018-05-12,8,0.6516651665166516,0.24961758815464047,0.7564937338094235,55.25921628269052,W,2
23,2018-05-12,10,0.7146714671467147,0.32412069634937213,0.7641951970874465,60.09957868611778,L,-15
24,2018-05-12,10,0.7146714671467147,0.32412069634937213,0.7641951970874465,60.09957868611778,W,14
25,2018-05-12,10,0.7146714671467147,0.32412069634937213,0.7641951970874465,60.09957868611778,W,2
23,2018-05-12,11,0.703870387038704,0.2525163767038596,0.6393614786809492,53.19160808078376,L,-15
24,2018-05-12,11,0.703870387038704,0.2525163767038596,0.6393614786809492,53.19160808078376,W,14
25,2018-05-12,11,0.703870387038704,0.2525163767038596,0.6393614786809492,53.19160808078376,W,2
23,2018-05-12,12,0.2666838112382667,0.3940946596601553,0.5868214960842559,41.58666556608926,L,-15
24,2018-05-12,12,0.2666838112382667,0.3940946596601553,0.5868214960842559,41.58666556608926,W,14
25,2018-05-12,12,0.2666838112382667,0.3940946596601553,0.5868214960842559,41.58666556608926,W,2
23,2018-05-12,13,0.33843384338433846,0.30422903156027525,0.5752392954661384,40.59673901369174,L,-15
24,2018-05-12,13,0.33843384338433846,0.30422903156027525,0.5752392954661384,40.59673901369174,W,14
25,2018-05-12,13,0.33843384338433846,0.30422903156027525,0.5752392954661384,40.59673901369174,W,2
23,2018-05-12,15,0.3735373537353735,0.25524817994151916,0.5855912623398443,40.47922653389123,L,-15
24,2018-05-12,15,0.3735373537353735,0.25524817994151916,0.5855912623398443,40.47922653389123,W,14
25,2018-05-12,15,0.3735373537353735,0.25524817994151916,0.5855912623398443,40.47922653389123,W,2
23,2018-05-12,16,0.21730744503021732,0.3157790936280201,0.6320700933177302,38.83855439919892,L,-15
24,2018-05-12,16,0.21730744503021732,0.3157790936280201,0.6320700933177302,38.83855439919892,W,14
25,2018-05-12,16,0.21730744503021732,0.3157790936280201,0.6320700933177302,38.83855439919892,W,2
26,2018-05-13,1,0.6633663366336634,0.512296473450627,0.9495204088776865,70.83944063206589,L,-2
27,2018-05-13,1,0.6633663366336634,0.512296473450627,0.9495204088776865,70.83944063206589,W,23
28,2018-05-13,1,0.6633663366336634,0.512296473450627,0.9495204088776865,70.83944063206589,W,17
26,2018-05-13,2,0.4734473447344734,0.29584114454355964,0.656234684590072,47.517439128936836,L,-2
27,2018-05-13,2,0.4734473447344734,0.29584114454355964,0.656234684590072,47.517439128936836,W,23
28,2018-05-13,2,0.4734473447344734,0.29584114454355964,0.656234684590072,47.517439128936836,W,17
26,2018-05-13,4,0.505079079336505,0.3550891286846466,0.567317790380172,47.58286661337746,L,-2
27,2018-05-13,4,0.505079079336505,0.3550891286846466,0.567317790380172,47.58286661337746,W,23
28,2018-05-13,4,0.505079079336505,0.3550891286846466,0.567317790380172,47.58286661337746,W,17
26,2018-05-13,5,0.3345763147743346,0.3608908538787858,0.7225672877846789,47.267815214593305,L,-2
27,2018-05-13,5,0.3345763147743346,0.3608908538787858,0.7225672877846789,47.267815214593305,W,23
28,2018-05-13,5,0.3345763147743346,0.3608908538787858,0.7225672877846789,47.267815214593305,W,17
26,2018-05-13,7,0.6748103381766748,0.3400727197678377,0.8110240945779696,60.8635717507494,L,-2
27,2018-05-13,7,0.6748103381766748,0.3400727197678377,0.8110240945779696,60.8635717507494,W,23
28,2018-05-13,7,0.6748103381766748,0.3400727197678377,0.8110240945779696,60.8635717507494,W,17
26,2018-05-13,8,0.369036910171012,0.2741625409703808,0.8452005951690762,49.61333487701563,L,-2
27,2018-05-13,8,0.369036910171012,0.2741625409703808,0.8452005951690762,49.61333487701563,W,23
28,2018-05-13,8,0.369036910171012,0.2741625409703808,0.8452005951690762,49.61333487701563,W,17
26,2018-05-13,10,0.32583258325832587,0.3639976562442851,0.8479311069103128,51.258711547097455,L,-2
27,2018-05-13,10,0.32583258325832587,0.3639976562442851,0.8479311069103128,51.258711547097455,W,23
28,2018-05-13,10,0.32583258325832587,0.3639976562442851,0.8479311069103128,51.258711547097455,W,17
26,2018-05-13,11,0.7569756975697569,0.31347683405259247,0.7912903456696765,62.0580959097342,L,-2
27,2018-05-13,11,0.7569756975697569,0.31347683405259247,0.7912903456696765,62.0580959097342,W,23
28,2018-05-13,11,0.7569756975697569,0.31347683405259247,0.7912903456696765,62.0580959097342,W,17
26,2018-05-13,12,0.4698469911791127,0.2906640761955993,0.4465448319260752,40.23519664335957,L,-2
27,2018-05-13,12,0.4698469911791127,0.2906640761955993,0.4465448319260752,40.23519664335957,W,23
28,2018-05-13,12,0.4698469911791127,0.2906640761955993,0.4465448319260752,40.23519664335957,W,17
26,2018-05-13,13,0.6624662466246625,0.3492028265964536,0.7666456571308591,59.27715767839917,L,-2
27,2018-05-13,13,0.6624662466246625,0.3492028265964536,0.7666456571308591,59.27715767839917,W,23
28,2018-05-13,13,0.6624662466246625,0.3492028265964536,0.7666456571308591,59.27715767839917,W,17
26,2018-05-13,15,0.4047833243667313,0.1720429957060511,0.45953730301558005,34.54545410294541,L,-2
27,2018-05-13,15,0.4047833243667313,0.1720429957060511,0.45953730301558005,34.54545410294541,W,23
28,2018-05-13,15,0.4047833243667313,0.1720429957060511,0.45953730301558005,34.54545410294541,W,17
26,2018-05-13,16,0.29342934293429346,0.2461466028556114,0.49660434524960495,34.53934303465032,L,-2
27,2018-05-13,16,0.29342934293429346,0.2461466028556114,0.49660434524960495,34.53934303465032,W,23
28,2018-05-13,16,0.29342934293429346,0.2461466028556114,0.49660434524960495,34.53934303465032,W,17
29,2018-06-08,1,0.5004500450045005,0.4524661575256147,0.9104629879677135,62.11263968326096,W,26
30,2018-06-08,1,0.5004500450045005,0.4524661575256147,0.9104629879677135,62.11263968326096,W,9
31,2018-06-08,1,0.5004500450045005,0.4524661575256147,0.9104629879677135,62.11263968326096,L,-17
29,2018-06-08,2,0.3091166259483091,0.3615662929881762,0.7727968313979656,48.11599167781503,W,26
30,2018-06-08,2,0.3091166259483091,0.3615662929881762,0.7727968313979656,48.11599167781503,W,9
31,2018-06-08,2,0.3091166259483091,0.3615662929881762,0.7727968313979656,48.11599167781503,L,-17
29,2018-06-08,3,0.4401440144014401,0.28170375971873635,0.7061541692921655,47.600064780411394,W,26
30,2018-06-08,3,0.4401440144014401,0.28170375971873635,0.7061541692921655,47.600064780411394,W,9
31,2018-06-08,3,0.4401440144014401,0.28170375971873635,0.7061541692921655,47.600064780411394,L,-17
29,2018-06-08,4,0.08514851485148514,0.2779043903713774,0.6266750682629699,32.99093244952775,W,26
30,2018-06-08,4,0.08514851485148514,0.2779043903713774,0.6266750682629699,32.99093244952775,W,9
31,2018-06-08,4,0.08514851485148514,0.2779043903713774,0.6266750682629699,32.99093244952775,L,-17
29,2018-06-08,5,0.5189661823325189,0.27995723158343383,0.543253218111441,44.73922106757979,W,26
30,2018-06-08,5,0.5189661823325189,0.27995723158343383,0.543253218111441,44.73922106757979,W,9
31,2018-06-08,5,0.5189661823325189,0.27995723158343383,0.543253218111441,44.73922106757979,L,-17
29,2018-06-08,7,0.6408640864086409,0.3690160727086302,0.6610889402319771,55.69896997830827,W,26
30,2018-06-08,7,0.6408640864086409,0.3690160727086302,0.6610889402319771,55.69896997830827,W,9
31,2018-06-08,7,0.6408640864086409,0.3690160727086302,0.6610889402319771,55.69896997830827,L,-17
29,2018-06-08,8,0.6766426642664266,0.21438359477681185,0.6864104179794158,52.58122256742181,W,26
30,2018-06-08,8,0.6766426642664266,0.21438359477681185,0.6864104179794158,52.58122256742181,W,9
31,2018-06-08,8,0.6766426642664266,0.21438359477681185,0.6864104179794158,52.58122256742181,L,-17
29,2018-06-08,11,0.48694869486948694,0.29859471205607235,0.7182664706294195,50.1269959184993,W,26
30,2018-06-08,11,0.48694869486948694,0.29859471205607235,0.7182664706294195,50.1269959184993,W,9
31,2018-06-08,11,0.48694869486948694,0.29859471205607235,0.7182664706294195,50.1269959184993,L,-17
29,2018-06-08,13,0.39243924392439256,0.2888088439017597,0.5330812854442344,40.477645775679555,W,26
30,2018-06-08,13,0.39243924392439256,0.2888088439017597,0.5330812854442344,40.477645775679555,W,9
31,2018-06-08,13,0.39243924392439256,0.2888088439017597,0.5330812854442344,40.477645775679555,L,-17
29,2018-06-08,14,0.5436543654365437,0.21400404247842086,0.5331863053980255,43.028157110433,W,26
30,2018-06-08,14,0.5436543654365437,0.21400404247842086,0.5331863053980255,43.028157110433,W,9
31,2018-06-08,14,0.5436543654365437,0.21400404247842086,0.5331863053980255,43.028157110433,L,-17
29,2018-06-08,15,0.2452745274527453,0.15364870090207067,0.4057971014492753,26.82401099346971,W,26
30,2018-06-08,15,0.2452745274527453,0.15364870090207067,0.4057971014492753,26.82401099346971,W,9
31,2018-06-08,15,0.2452745274527453,0.15364870090207067,0.4057971014492753,26.82401099346971,L,-17
29,2018-06-08,16,0.43091809180918095,0.3434972879729927,0.5787649653434153,45.106011504186306,W,26
30,2018-06-08,16,0.43091809180918095,0.3434972879729927,0.5787649653434153,45.106011504186306,W,9
31,2018-06-08,16,0.43091809180918095,0.3434972879729927,0.5787649653434153,45.106011504186306,L,-17
32,2018-06-09,1,0.19801980198019803,0.46925422763121144,0.9095148078134845,52.55962791416314,W,2
33,2018-06-09,1,0.19801980198019803,0.46925422763121144,0.9095148078134845,52.55962791416314,L,-27
32,2018-06-09,2,0.5166516651665166,0.33400938576742134,0.6307498424700692,49.3803631134669,W,2
33,2018-06-09,2,0.5166516651665166,0.33400938576742134,0.6307498424700692,49.3803631134669,L,-27
32,2018-06-09,3,0.25877587758775883,0.4449919280392422,0.8166351606805291,50.680098876917675,W,2
33,2018-06-09,3,0.25877587758775883,0.4449919280392422,0.8166351606805291,50.680098876917675,L,-27
32,2018-06-09,4,0.4226822682268227,0.27017963123609656,0.7672757823986553,48.671256062052485,W,2
33,2018-06-09,4,0.4226822682268227,0.27017963123609656,0.7672757823986553,48.671256062052485,L,-27
32,2018-06-09,5,0.3978397839783978,0.4864037670647621,0.9222852341944967,60.21762617458855,W,2
33,2018-06-09,5,0.3978397839783978,0.4864037670647621,0.9222852341944967,60.21762617458855,L,-27
32,2018-06-09,7,0.5531053105310532,0.3061074340790359,0.9073724007561434,58.886171512207746,W,2
33,2018-06-09,7,0.5531053105310532,0.3061074340790359,0.9073724007561434,58.886171512207746,L,-27
32,2018-06-09,8,0.26282628262826285,0.22039513589371573,0.6179374081075404,36.705294220983966,W,2
33,2018-06-09,8,0.26282628262826285,0.22039513589371573,0.6179374081075404,36.705294220983966,L,-27
32,2018-06-09,11,0.555805580558056,0.1485818822849399,0.8102289434992647,50.48721354474202,W,2
33,2018-06-09,11,0.555805580558056,0.1485818822849399,0.8102289434992647,50.48721354474202,L,-27
32,2018-06-09,13,0.6584158415841586,0.18272163918315923,0.6934467548834277,51.15280785502484,W,2
33,2018-06-09,13,0.6584158415841586,0.18272163918315923,0.6934467548834277,51.15280785502484,L,-27
32,2018-06-09,14,0.2871287128712871,0.03197784411056841,0.5984036967023734,30.58367512280763,W,2
33,2018-06-09,14,0.2871287128712871,0.03197784411056841,0.5984036967023734,30.58367512280763,L,-27
32,2018-06-09,15,0.3643564356435644,0.33150238811135896,0.4777567737870194,39.120519918064765,W,2
33,2018-06-09,15,0.3643564356435644,0.33150238811135896,0.4777567737870194,39.120519918064765,L,-27
32,2018-06-09,16,0.2563456345634564,0.15213633056452192,0.4664986347406005,29.166019995619294,W,2
33,2018-06-09,16,0.2563456345634564,0.15213633056452192,0.4664986347406005,29.166019995619294,L,-27
34,2018-06-10,1,0.4167416741674168,0.24242134436494533,0.9428691451375759,53.401072122331264,W,7
34,2018-06-10,2,0.6273627362736274,0.19372506227354838,0.6977525729888677,50.62801238453478,W,7
34,2018-06-10,3,0.0846084608460846,0.22913949070319517,0.7664356227683258,36.00611914392019,W,7
34,2018-06-10,4,0.9081908190819084,0.42912584769686046,0.7763074984247005,70.45413884011565,W,7
34,2018-06-10,5,0.4383438343834384,1.0,0.9842470069313167,80.75302804382518,W,7
34,2018-06-10,7,0.1467146714671467,0.40761140506709653,0.808443604284814,45.425656027301905,W,7
34,2018-06-10,8,1.0,0.11331746449783489,0.5851711825246796,56.61628823408381,W,7
34,2018-06-10,11,0.33303330333033304,0.17057140251281502,0.6738080235244694,39.24709097892059,W,7
34,2018-06-10,13,0.621962196219622,0.3603849648435857,0.7632850241545892,58.1877395072599,W,7
34,2018-06-10,15,0.38433843384338434,0.49071538679648846,0.5555555555555555,47.68697920651427,W,7
35,2018-07-20,1,0.6268226822682268,0.34062315881834854,0.9232094097878596,63.021841695814494,W,24
36,2018-07-20,1,0.6268226822682268,0.34062315881834854,0.9232094097878596,63.021841695814494,L,-5
35,2018-07-20,2,0.3316831683168317,0.34324510715329,0.6128964503255616,42.92749085985611,W,24
36,2018-07-20,2,0.3316831683168317,0.34324510715329,0.6128964503255616,42.92749085985611,L,-5
35,2018-07-20,3,0.5868586858685869,0.2830351513469657,0.6251837849191345,49.8359207378229,W,24
36,2018-07-20,3,0.5868586858685869,0.2830351513469657,0.6251837849191345,49.8359207378229,L,-5
35,2018-07-20,4,0.6905490549054905,0.19352879294900405,0.6340264650283554,50.603477096095,W,24
36,2018-07-20,4,0.6905490549054905,0.19352879294900405,0.6340264650283554,50.603477096095,L,-5
35,2018-07-20,5,0.20342034203420345,0.5402180010630624,0.7603144597473519,50.1317600948206,W,24
36,2018-07-20,5,0.20342034203420345,0.5402180010630624,0.7603144597473519,50.1317600948206,L,-5
35,2018-07-20,7,0.22097209720972102,0.2982726952495272,0.9543163201008189,49.11870375200224,W,24
36,2018-07-20,7,0.22097209720972102,0.2982726952495272,0.9543163201008189,49.11870375200224,L,-5
35,2018-07-20,10,0.3071107110711071,0.3694885663915811,0.8565847511027094,51.10613428551326,W,24
36,2018-07-20,10,0.3071107110711071,0.3694885663915811,0.8565847511027094,51.10613428551326,L,-5
35,2018-07-20,11,0.5998199819981997,0.26990955495289704,0.7269481201428267,53.222588569797445,W,24
36,2018-07-20,11,0.5998199819981997,0.26990955495289704,0.7269481201428267,53.222588569797445,L,-5
35,2018-07-20,13,0.28172817281728174,0.2972870083379486,0.59724847721067,39.20878861219668,W,24
36,2018-07-20,13,0.28172817281728174,0.2972870083379486,0.59724847721067,39.20878861219668,L,-5
35,2018-07-20,14,0.49234923492349236,0.07296245017775237,0.48078134845620646,34.86976778524838,W,24
36,2018-07-20,14,0.49234923492349236,0.07296245017775237,0.48078134845620646,34.86976778524838,L,-5
35,2018-07-20,15,0.36543654365436545,0.1581634595263442,0.4984247006931316,34.06749012912804,W,24
36,2018-07-20,15,0.36543654365436545,0.1581634595263442,0.4984247006931316,34.06749012912804,L,-5
35,2018-07-20,16,0.5855085508550856,0.21328407411678463,0.6436672967863893,48.081997391941975,W,24
36,2018-07-20,16,0.5855085508550856,0.21328407411678463,0.6436672967863893,48.081997391941975,L,-5
37,2018-07-21,1,0.4226822682268227,0.5033464092205462,0.8583490863264018,59.47925879245903,L,-12
38,2018-07-21,1,0.4226822682268227,0.5033464092205462,0.8583490863264018,59.47925879245903,W,12
37,2018-07-21,2,0.5261026102610261,0.16148341777281064,0.5569208149548412,41.48356143295593,L,-12
38,2018-07-21,2,0.5261026102610261,0.16148341777281064,0.5569208149548412,41.48356143295593,W,12
37,2018-07-21,3,0.4226822682268227,0.2528231419074855,0.7743331232934254,48.32795111425779,L,-12
38,2018-07-21,3,0.4226822682268227,0.2528231419074855,0.7743331232934254,48.32795111425779,W,12
37,2018-07-21,4,0.33766233766233766,0.46473038961642127,0.6905211990278152,49.76379754355247,L,-12
38,2018-07-21,4,0.33766233766233766,0.46473038961642127,0.6905211990278152,49.76379754355247,W,12
37,2018-07-21,5,0.3478847884788479,0.3949796943754578,0.5536651963873136,43.21765597472065,L,-12
38,2018-07-21,5,0.3478847884788479,0.3949796943754578,0.5536651963873136,43.21765597472065,W,12
37,2018-07-21,7,0.2722772277227723,0.22829054346927563,0.8738710354967443,45.8146268896264,L,-12
38,2018-07-21,7,0.2722772277227723,0.22829054346927563,0.8738710354967443,45.8146268896264,W,12
37,2018-07-21,10,0.36138613861386143,0.38480176242418884,0.702163411048099,48.278377069538315,L,-12
38,2018-07-21,10,0.36138613861386143,0.38480176242418884,0.702163411048099,48.278377069538315,W,12
37,2018-07-21,11,0.35355535553555356,0.30818142959781525,0.7849191346355806,48.22186399229832,L,-12
38,2018-07-21,11,0.35355535553555356,0.30818142959781525,0.7849191346355806,48.22186399229832,W,12
37,2018-07-21,13,0.49234923492349236,0.3314456853142116,0.6803192606595253,50.137139363240976,L,-12
38,2018-07-21,13,0.49234923492349236,0.3314456853142116,0.6803192606595253,50.137139363240976,W,12
37,2018-07-21,14,0.726192619261926,0.17532786095258884,0.42995169082125584,44.38240570119236,L,-12
38,2018-07-21,14,0.726192619261926,0.17532786095258884,0.42995169082125584,44.38240570119236,W,12
37,2018-07-21,15,0.49234923492349236,0.25504165247384597,0.514387733669397,42.059287368891184,L,-12
38,2018-07-21,15,0.49234923492349236,0.25504165247384597,0.514387733669397,42.059287368891184,W,12
37,2018-07-21,16,0.17371737173717372,0.2338736807016188,0.4767205769096128,29.47705431161351,L,-12
38,2018-07-21,16,0.17371737173717372,0.2338736807016188,0.4767205769096128,29.47705431161351,W,12
